<xml xmlns:o="urn:schemas-microsoft-com:office:office">
 <o:MainFile HRef="../SQLXTractwrd.tmp"/>
 <o:File HRef="preview.wmf"/>
 <o:File HRef="image001.png"/>
 <o:File HRef="oledata.mso"/>
 <o:File HRef="image002.png"/>
 <o:File HRef="image003.png"/>
 <o:File HRef="image004.png"/>
 <o:File HRef="image005.png"/>
 <o:File HRef="image006.png"/>
 <o:File HRef="image007.png"/>
 <o:File HRef="image008.png"/>
 <o:File HRef="image009.png"/>
 <o:File HRef="image010.png"/>
 <o:File HRef="image011.png"/>
 <o:File HRef="image012.png"/>
 <o:File HRef="image013.png"/>
 <o:File HRef="image014.png"/>
 <o:File HRef="image015.png"/>
 <o:File HRef="image016.png"/>
 <o:File HRef="image017.png"/>
 <o:File HRef="image018.png"/>
 <o:File HRef="image019.png"/>
 <o:File HRef="image020.png"/>
 <o:File HRef="image021.png"/>
 <o:File HRef="image022.png"/>
 <o:File HRef="image023.png"/>
 <o:File HRef="image024.png"/>
 <o:File HRef="image025.jpg"/>
 <o:File HRef="image026.png"/>
 <o:File HRef="image027.png"/>
 <o:File HRef="image028.jpg"/>
 <o:File HRef="image029.png"/>
 <o:File HRef="image030.png"/>
 <o:File HRef="image031.png"/>
 <o:File HRef="header.htm"/>
 <o:File HRef="filelist.xml"/>
</xml>