<?xml version="1.0" encoding="UTF-8"?>
<ADTConfig><DeveloperID id="1"/><TempDir name="C:\Program Files (x86)\Appeon2019\PowerServer 2019\Toolkit\Toolkit\"/><Applications default="orderentry_mobile_2020" UnattendDeploy="1"><Application name="orderentry_web_2020" TargetType="1" PBLsinProject="18" WebRoot="orderentry_web_2020" charset="en" EnableLog="0" EnableCompress="0" UsagePercents="" SizeLimite="" AsyncMode="0" MaxFiles="" encrypt="1" PBCode="0" Performance="0" HideInAEM="1" UFAReport="1" RunEnvironment="en" ArgRequired="0" ShowArg="1" DefaultArg="" ADTLogLevel="1" DeployType="2" ProjectType="2" DeployedType="2" GUID="" IsLastEnrypt="1" SVRPreload="0" ReadCache="0" PFMStatus="1" ImgPath="C:\Dev\PB2019R3\OrderEntry" ImgSubPath="1" DllPath="" ExtFunc="0" DebugReport="0" PerfReport="0" EnableMerge="0" PerformanceAnalyzerTool="0" FileMaxLow="15" MergeFileMaxLow="30" FileMaxHigh="100" MergeFileMaxHigh="200" MergeWebLibrary="1" strIsAutoChangeName="1" strPBVersion="19.0" DeployStatus="1" AppCorpName="Appeon" UserAppName="" IconForMobile="" DescForMobile="" AppNameForMobile="orderentry_web_2020" ApplyFor="3" AppNameForIWA="OrderEntry" DescForIWA="STD Framework's OrderEntry &quot;Demo&quot; Applciation" IconForIWA="OrderEntry.ico" CharsetForA="windows-1252" IsDeployForDebugger="0" StartMode="0" OfflineCapacity="0" AppBGColor="16777215" AllowChgAppBGColor="0"><PBLs PBT="c:\dev\pb2019r3\orderentry\oes_powerserver_web.pbt" KeepPbtUpdated="1"><PBL name="c:\dev\pb2019r3\orderentry\oes_system.pbl" type="2"/><PBL name="c:\dev\pb2019r3\orderentry\oes_main.pbl" type="2"/><PBL name="c:\dev\pb2019r3\orderentry\oes_contact.pbl" type="2"/><PBL name="c:\dev\pb2019r3\orderentry\oes_contact2.pbl" type="2"/><PBL name="c:\dev\pb2019r3\orderentry\oes_customer.pbl" type="2"/><PBL name="c:\dev\pb2019r3\orderentry\oes_employee.pbl" type="2"/><PBL name="c:\dev\pb2019r3\orderentry\oes_order.pbl" type="2"/><PBL name="c:\dev\pb2019r3\orderentry\oes_product.pbl" type="2"/><PBL name="c:\dev\pb2019r3\orderentry\oes_lookup.pbl" type="2"/><PBL name="c:\dev\pb2019r3\orderentry\std_fc_pb_base.pbl" type="2"/><PBL name="c:\dev\pb2019r3\orderentry\std_fc_pb_basew.pbl" type="2"/><PBL name="c:\dev\pb2019r3\orderentry\std_fc_pb_base_ext.pbl" type="2"/><PBL name="c:\dev\pb2019r3\orderentry\std_fc_pb_base_e.pbl" type="2"/><PBL name="c:\dev\pb2019r3\orderentry\std_fc_pb_base_f.pbl" type="2"/><PBL name="c:\dev\pb2019r3\orderentry\std_fc_pb_base_s.pbl" type="2"/><PBL name="c:\dev\pb2019r3\orderentry\std_fc_pb_base_i.pbl" type="2"/><PBL name="c:\dev\pb2019r3\orderentry\std_fc_pb_ejb.pbl" type="2"/><PBL name="c:\dev\pb2019r3\orderentry\appeon_workarounds.pbl" type="2"/></PBLs><DBProfiles><Profile dbtypeid="4"/></DBProfiles><INIS><INI file="C:\Dev\PB2019R3\OrderEntry\OrderEntry.ini"/></INIS><DOTNETCOMS><COM file="C:\Dev\PB2019R3\OrderEntry\Letter.rtf"/></DOTNETCOMS><DLLOCXs/><wsdlinfos/><Transaction><Profile name="sqlca" Cache="appeonsample" DBID="4"/></Transaction><OfflineDBs/></Application></Applications><PathCfg><Project value="C:\Program Files (x86)\Appeon2019\PowerServer 2019\Toolkit\Toolkit\Project\"/></PathCfg><DeploymentProfiles default="Local Deployment"><DeploymentProfile ProfileName="Local Deployment"><WebServers><Server name="Local Web Server"/></WebServers><AppServers><Server name="Local PowerServer"/></AppServers></DeploymentProfile></DeploymentProfiles><Servers><WebServers><Server ProfileName="Local Web Server" ServerType="Microsoft IIS" DeploymentType="0" HTTPIP="localhost" HTTPPort="80" CopyDirectory="C:\inetpub\wwwroot" FTPIP="" FTPPort="" FTPUserName="" FTPPassword="" Mode="0" CompressionType="1" FTPOverSSL="2" AuthenType="0" PrivateKeyFile="" KeyPassword="" JDKPath="C:\Program Files (x86)\Appeon2019\PowerServer 2019\Toolkit\Toolkit\Java\jdk1.8.0_66\bin\" ADTPath="C:\Program Files (x86)\Appeon2019\PowerServer 2019\Toolkit\Toolkit\AppTemplate\Android\Adt\"/></WebServers><AppServers><Server ProfileName="Local PowerServer" ServerType=".NET" EAServerIP="localhost" EAServerPort="80" UserName="" Password="" AEMURL="localhost:80/AEM" AEMConnectionmethod="http"/></AppServers></Servers><PreviewOptions><DataWindowSettings><DataWindowsize width="1000" height="550"/><Imagesize width="1000" height="550"/><Printorientation value="Portrait"/><Papersizes default="A4 210x297mm"><Papersize id="0" name="Default"/><Papersize id="1" name="Letter 8.5x11"/><Papersize id="2" name="Letter Small 8.5x11"/><Papersize id="3" name="Tabloid 11x17"/><Papersize id="4" name="Ledger 17x11"/><Papersize id="5" name="Legal 8.5x14"/><Papersize id="6" name="Statement 5.5x8.5"/><Papersize id="7" name="Executive 7.25x10.5"/><Papersize id="8" name="A3 297x420mm"/><Papersize id="9" name="A4 210x297mm"/><Papersize id="10" name="A4 Small 210x297mm"/><Papersize id="11" name="A5 148x210mm"/><Papersize id="12" name="B4 250x354"/><Papersize id="13" name="B5 182x257mm"/><Papersize id="14" name="Folio 8.5x13"/><Papersize id="15" name="Quarto 215x275mm"/><Papersize id="16" name="10x14"/><Papersize id="17" name="11x17"/><Papersize id="18" name="Note 8.5x11"/><Papersize id="19" name="Envelope #9 3.88x8.88"/><Papersize id="20" name="Envelope #10 4.13x9.5, 21"/><Papersize id="21" name="Envelope #11 4.5x10.38"/><Papersize id="22" name="Envelope #12 4\276x11"/><Papersize id="23" name="Envelope #14 5x11.5"/><Papersize id="24" name="C Size Sheet"/><Papersize id="25" name="D Size Sheet"/><Papersize id="26" name="E Size Sheet"/><Papersize id="27" name="Envelope DL 110x220mm"/><Papersize id="28" name="Envelope C5 162x229mm"/><Papersize id="29" name="Envelope C3 324x458mm"/><Papersize id="30" name="Envelope C4 229x324mm"/><Papersize id="31" name="Envelope C6 114x162mm"/><Papersize id="32" name="Envelope C65 114x229mm"/><Papersize id="33" name="Envelope B4 250x353mm"/><Papersize id="34" name="Envelope B5 176x250mm"/><Papersize id="35" name="Envelope B6 176x125mm"/><Papersize id="36" name="Envelope 110x230mm"/><Papersize id="37" name="Envelope Monarch 3.875x7.5"/><Papersize id="38" name="6.75 Envelope 3.63x6.5"/><Papersize id="39" name="US Std Fanfold 14.88x11"/><Papersize id="40" name="German Std Fanfold 8.5x12"/><Papersize id="41" name="German Legal Fanfold 8.5x13' "/></Papersizes></DataWindowSettings><PreviewDir name="previewdir"/></PreviewOptions><WebServerTypes><Type name="Apache 1.3" sendrequest="1" defaultvar="80"/><Type name="Apache 2.0" sendrequest="0" defaultvar="80"/><Type name="Apache 2.2" sendrequest="0" defaultvar="80"/><Type name="JBoss" sendrequest="0" defaultvar="8080"/><Type name="JEUS" sendrequest="0" defaultvar="8088"/><Type name="Microsoft IIS" sendrequest="1" defaultvar="80"/><Type name="WebLogic" sendrequest="0" defaultvar="7001"/><Type name="WebSphere" sendrequest="0" defaultvar="9080"/></WebServerTypes><ApplicationServerTypes><Type name="EAServer 5.0 Developer Edition"/><Type name="EAServer 5.0 Advanced Edition"/><Type name="EAServer 5.0 Enterprise Edition"/></ApplicationServerTypes><WorkingServers><WorkingEAServer ProfileName="Local PowerServer"/><WorkingWEBServer ProfileName="Local Web Server"/></WorkingServers><DefaultTransName name="sqlca"/><ProjectTypes><ProjectType name="Web" value="2" desc="Application for Appeon Web"/><ProjectType name="Mobile" value="3" desc="Application for Appeon Mobile"/><ProjectType name="Both" value="4" desc="Application for both Appeon Web and Appeon Mobile"/></ProjectTypes><PictureTypes><Type name="PNG"/><Type name="BMP"/><Type name="CUR"/><Type name="GIF"/><Type name="ICO"/><Type name="JPEG"/><Type name="JPG"/><Type name="RLE"/><Type name="WMF"/></PictureTypes><charsets default="en"><charset ID="46550" value="en" clientenv="1"/><charset ID="46553" value="jp" clientenv="1"/><charset ID="46554" value="kr" clientenv="0"/><charset ID="46551" value="zh_cn" clientenv="0"/><charset ID="46552" value="zh_tw" clientenv="0"/></charsets><SupportedDBType><DB ID="0" Type="MSSQLServer" NativeFlag="1" DBMS="MSS Microsoft SQL Server" Alias="SQL Server" SupportedValue="0" isLocalDB="0"/><DB ID="1" Type="Oracle 8i" NativeFlag="1" DBMS="O84 Oracle8/8i" Alias="Oracle" SupportedValue="0" isLocalDB="0"/><DB ID="2" Type="Oracle 9i" NativeFlag="1" DBMS="O90 Oracle9i" Alias="Oracle" SupportedValue="0" isLocalDB="0"/><DB ID="3" Type="SAP ASE" NativeFlag="1" DBMS="SYC Adaptive Server Enterprise" Alias="SAP ASE;Adaptive Server Enterprise" SupportedValue="0" isLocalDB="0"/><DB ID="4" Type="SAP ASA | UltraLite" NativeFlag="0" DBMS="ODBC" Alias="Anywhere" SupportedValue="0" isLocalDB="0"/><DB ID="6" Type="IBM DB2 UDB" NativeFlag="0" DBMS="ODBC" Alias="DB2" SupportedValue="1" isLocalDB="0"/><DB ID="10" Type="SAP IQ" NativeFlag="0" DBMS="ODBC" Alias="Server IQ" SupportedValue="1" isLocalDB="0"/><DB ID="11" Type="IBM Informix" NativeFlag="1" DBMS="IN9 INFORMIX-9" Alias="IBM INFORMIX" SupportedValue="0" isLocalDB="0"/><DB ID="12" Type="Oracle 10g/11g/12c" NativeFlag="1" DBMS="O10 Oracle10g" Alias="Oracle" SupportedValue="0" isLocalDB="0"/><DB ID="14" Type="Teradata" NativeFlag="0" DBMS="ODBC" Alias="Teradata" SupportedValue="0" isLocalDB="0"/><DB ID="15" Type="MySQL" NativeFlag="0" DBMS="ODBC" Alias="MySQL" SupportedValue="0" isLocalDB="0"/><DB ID="16" Type="SAP HANA" NativeFlag="0" DBMS="ODBC" Alias="HDB" SupportedValue="0" isLocalDB="0"/><DB ID="17" Type="SQLite" NativeFlag="0" DBMS="ODBC" Alias="SQLite" SupportedValue="0" isLocalDB="1"/><DB ID="18" Type="PostgreSQL" NativeFlag="0" DBMS="ODBC" Alias="PostgreSQL" SupportedValue="0" isLocalDB="0"/><DB ID="19" Type="Oracle 18c/19c" NativeFlag="1" DBMS="ORA Oracle" Alias="Oracle" SupportedValue="0" isLocalDB="0"/><DB ID="100" Type="Other" NativeFlag="1" DBMS="" Alias="" SupportedValue="1" isLocalDB="0"/></SupportedDBType><DBProfiles><DBProfile Name="" NativeFlag="1" DBTypeID="0" Server="localhost\sqlexpress" UID="Chris" PWD="äÒÂàÆ" Database="Chris" strOJSytax="ANSI" nDelimitIdentifier="1" release=""/><DBProfile Name="local" NativeFlag="0" DBTypeID="4" Server="AppeonSample" UID="" PWD="" Database="" strOJSytax="ANSI" nDelimitIdentifier="1" release=""/><DBProfile Name="" NativeFlag="1" DBTypeID="12" Server="STD-Chris" UID="SYSTEM" PWD="ØÒÂäàÆ" Database="" strOJSytax="ANSI" nDelimitIdentifier="1" release=""/></DBProfiles><PBVersion><version name="19.0" value="PowerBuilder 2019"/></PBVersion><AppRunTypes><RunType ID="1" TypeName="IWA" ProjectType="2" Orientation="" Command="" Name="" EnableOrientation="0" EnableAppName="0" UrlIndicator="0" SetupItunseNoRemaider="0"/></AppRunTypes></ADTConfig>
