<?xml version="1.0" standalone="yes"?>
<Data xmlns="http://componentone.com/Data.xsd">
  <BackgroundRepeat d2p1:Name="None" d2p1:Value="no-repeat" xmlns:d2p1="http://componentone.com/Data.xsd" />
  <BackgroundRepeat d2p1:Name="Tiled" d2p1:Value="repeat" xmlns:d2p1="http://componentone.com/Data.xsd" />
  <BackgroundRepeat d2p1:Name="Horizontal" d2p1:Value="repeat-x" xmlns:d2p1="http://componentone.com/Data.xsd" />
  <BackgroundRepeat d2p1:Name="Vertical" d2p1:Value="repeat-y" xmlns:d2p1="http://componentone.com/Data.xsd" />
  <CommandStyle d2p1:Name="Text only" d2p1:Value="0" xmlns:d2p1="http://componentone.com/Data.xsd" />
  <CommandStyle d2p1:Name="Picture only" d2p1:Value="1" xmlns:d2p1="http://componentone.com/Data.xsd" />
  <CommandStyle d2p1:Name="Text and picture" d2p1:Value="2" xmlns:d2p1="http://componentone.com/Data.xsd" />
  <SizeType d2p1:Name="Percent" d2p1:Value="%" xmlns:d2p1="http://componentone.com/Data.xsd" />
  <SizeType d2p1:Name="Pixels" d2p1:Value="px" xmlns:d2p1="http://componentone.com/Data.xsd" />
  <FramePosition d2p1:Name="Top of topic" d2p1:Value="3" xmlns:d2p1="http://componentone.com/Data.xsd" />
  <FramePosition d2p1:Name="Bottom of topic" d2p1:Value="4" xmlns:d2p1="http://componentone.com/Data.xsd" />
  <FramePosition d2p1:Name="None" d2p1:Value="0" xmlns:d2p1="http://componentone.com/Data.xsd" />
  <Background d2p1:Node="Navigator\Background" d2p1:Inherit="false" d2p1:UseColor="false" d2p1:Color="window" d2p1:UsePicture="false" d2p1:Repeat="no-repeat" d2p1:OnlyBody="false" xmlns:d2p1="http://componentone.com/Data.xsd" />
  <Background d2p1:Node="Document\Background" d2p1:Inherit="true" d2p1:UseColor="false" d2p1:Color="window" d2p1:UsePicture="false" d2p1:Repeat="no-repeat" d2p1:OnlyBody="false" xmlns:d2p1="http://componentone.com/Data.xsd" />
  <Background d2p1:Node="Popup\Background" d2p1:Inherit="false" d2p1:UseColor="true" d2p1:Color="LightYellow" d2p1:UsePicture="false" d2p1:Repeat="no-repeat" d2p1:OnlyBody="false" xmlns:d2p1="http://componentone.com/Data.xsd" />
  <Background d2p1:Node="Secondary\Background" d2p1:Inherit="false" d2p1:UseColor="true" d2p1:Color="White" d2p1:UsePicture="false" d2p1:Repeat="no-repeat" d2p1:OnlyBody="false" xmlns:d2p1="http://componentone.com/Data.xsd" />
  <Layout d2p1:Node="Navigator\Layout" d2p1:Location="0" d2p1:Height="20" d2p1:HeightType="px" d2p1:Nonscrolling="true" d2p1:Alignment="left" d2p1:IncludeTitle="true" d2p1:Width="80" d2p1:WidthType="px" d2p1:HighlightUse="false" d2p1:HighlightColor="window" xmlns:d2p1="http://componentone.com/Data.xsd" />
  <Command d2p1:Node="Navigator\Commands\Previous" d2p1:Style="0" d2p1:UseSystem="false" d2p1:Visited="Verdana, 8.25pt, style=Underline" d2p1:Unvisited="Verdana, 8.25pt" d2p1:Rollover="Verdana, 8.25pt, style=Underline" d2p1:Name="Previous" d2p1:VisitedColor="Blue" d2p1:UnvisitedColor="Black" d2p1:RolloverColor="Red" d2p1:Normal="Verdana, 8pt" d2p1:NormalColor="WindowText" d2p1:InheritName="true" xmlns:d2p1="http://componentone.com/Data.xsd" />
  <Command d2p1:Node="Navigator\Commands\Next" d2p1:Style="0" d2p1:UseSystem="false" d2p1:Visited="Verdana, 8.25pt, style=Underline" d2p1:Unvisited="Verdana, 8.25pt" d2p1:Rollover="Verdana, 8.25pt, style=Underline" d2p1:Name="Next" d2p1:VisitedColor="Blue" d2p1:UnvisitedColor="Black" d2p1:RolloverColor="Red" d2p1:Normal="Verdana, 8pt" d2p1:NormalColor="WindowText" d2p1:InheritName="true" xmlns:d2p1="http://componentone.com/Data.xsd" />
  <Internal d2p1:Predefined="true" xmlns:d2p1="http://componentone.com/Data.xsd" />
  <Windows d2p1:Name="Navigator" d2p1:Value="Navigator" xmlns:d2p1="http://componentone.com/Data.xsd" />
  <Windows d2p1:Name="Document" d2p1:Value="Document" xmlns:d2p1="http://componentone.com/Data.xsd" />
  <Windows d2p1:Name="Popup" d2p1:Value="Popup" xmlns:d2p1="http://componentone.com/Data.xsd" />
  <Windows d2p1:Name="Secondary" d2p1:Value="Secondary" xmlns:d2p1="http://componentone.com/Data.xsd" />
  <Alignment d2p1:Name="Left" d2p1:Value="left" xmlns:d2p1="http://componentone.com/Data.xsd" />
  <Alignment d2p1:Name="Center" d2p1:Value="center" xmlns:d2p1="http://componentone.com/Data.xsd" />
  <Alignment d2p1:Name="Right" d2p1:Value="right" xmlns:d2p1="http://componentone.com/Data.xsd" />
</Data>