{
	"meta-info":
	{
		"version":"190"
	},
	"checkbox":
	{
		"drawing":true,
		"normal-state":
		{
			"text-font":{"color":"#000000"},
			"box-images":
			{
				"unchecked":{"file":"checkbox-box-normal-unchecked.bmp"},
				"checked":{"file":"checkbox-box-normal-checked.bmp"},
				"indeterminate":{"file":"checkbox-box-normal-indeterminate.bmp"}
			}
		},
		"hover-state":
		{
			"text-font":{"color":"#000000"},
			"box-images":
			{
				"unchecked":{"file":"checkbox-box-hover-unchecked.bmp"},
				"checked":{"file":"checkbox-box-hover-checked.bmp"},
				"indeterminate":{"file":"checkbox-box-hover-indeterminate.bmp"}
			}
		},
		"pressed-state":
		{
			"text-font":{"color":"#000000"},
			"box-images":
			{
				"unchecked":{"file":"checkbox-box-pressed-unchecked.bmp"},
				"checked":{"file":"checkbox-box-pressed-checked.bmp"},
				"indeterminate":{"file":"checkbox-box-pressed-indeterminate.bmp"}
			}
		},
		"focused-state":
		{
			"text-font":{"color":"#000000"},
			"box-images":
			{
				"unchecked":{"file":"checkbox-box-focused-unchecked.bmp"},
				"checked":{"file":"checkbox-box-focused-checked.bmp"},
				"indeterminate":{"file":"checkbox-box-focused-indeterminate.bmp"}
			}
		},
		"disabled-state":
		{
			"text-font":{"color":"#999999"},
			"box-images":
			{
				"unchecked":{"file":"checkbox-box-disabled-unchecked.bmp"},
				"checked":{"file":"checkbox-box-disabled-checked.bmp"},
				"indeterminate":{"file":"checkbox-box-disabled-indeterminate.bmp"}
			}
		}
	},
	"commandbutton":
	{
		"drawing":true,
		"normal-state":
		{
			"border-color":"#B3D7F3",
			"background-color":"#B3D7F3",
			"text-font":{"color":"#000000"}
		},
		"hover-state":
		{
			"border-color":"#3393DF",
			"background-color":"#3393DF",
			"text-font":{"color":"#FFFFFF"}
		},
		"pressed-state":
		{
			"border-color":"#0060AC",
			"background-color":"#0060AC",
			"text-font":{"color":"#FFFFFF"}
		},
		"focused-state":
		{
			"border-color":"#0078D7",
			"background-color":"#0078D7",
			"text-font":{"color":"#FFFFFF"}
		},
		"default-state":
		{
			"border-color":"#0078D7",
			"background-color":"#0078D7",
			"text-font":{"color":"#FFFFFF"}
		},
		"disabled-state":
		{
			"border-color":"#CCCCCC",
			"background-color":"#CCCCCC",
			"text-font":{"color":"#999999"}
		}
	},
	"datawindow":
	{
		"drawing":true,
		"background-color":"#FFFFFF",
		"normal-state":
		{
			"border-color":"#CCCCCC"
		},
		"disabled-state":
		{
			"border-color":"#F0F0F0"
		},
		"dwo-button":
		{
			"drawing":true,
			"normal-state":
			{
				"border-color":"#B3D7F3",
				"background-color":"#B3D7F3",
				"text-font":{"color":"#000000"}
			},
			"hover-state":
			{
				"border-color":"#3393DF",
				"background-color":"#3393DF",
				"text-font":{"color":"#FFFFFF"}
			},
			"pressed-state":
			{
				"border-color":"#0060AC",
				"background-color":"#0060AC",
				"text-font":{"color":"#FFFFFF"}
			},
			"default-state":
			{
				"border-color":"#0078D7",
				"background-color":"#0078D7",
				"text-font":{"color":"#FFFFFF"}
			},
			"disabled-state":
			{
				"border-color":"#CCCCCC",
				"background-color":"#CCCCCC",
				"text-font":{"color":"#999999"}
			}
		},
		"dwo-column":
		{
			"drawing":true,
			"border":0,
			"border-color":"#CCCCCC",
			"background-color":"#FFFFFF",
			"text-font":{"color":"#000000"},
			"checkbox-type":
			{
				"drawing":true,
				"normal-state":
				{
					"box-images":
					{
						"unchecked":{"file":"checkbox-box-normal-unchecked.bmp"},
						"checked":{"file":"checkbox-box-normal-checked.bmp"},
						"indeterminate":{"file":"checkbox-box-normal-indeterminate.bmp"}
					}
				},
				"hover-state":
				{
					"box-images":
					{
						"unchecked":{"file":"checkbox-box-hover-unchecked.bmp"},
						"checked":{"file":"checkbox-box-hover-checked.bmp"},
						"indeterminate":{"file":"checkbox-box-hover-indeterminate.bmp"}
					}
				}
			},
			"dropdown-type":
			{
				"drawing":true,
				"selected-row-text-color":"#000000",
				"selected-row-background-color":"#CDE8FF",
				"unselected-row-background-color":"#FFFFFF",				
				"normal-state":
				{
					"background-color":"#FFFFFF",
					"arrow-image":{"file":"dropdownlistbox-arrow-normal.png"}
				},
				"hover-state":
				{
					"background-color":"#FFFFFF",
					"arrow-image":{"file":"dropdownlistbox-arrow-hover.png"}
				}
			},
			"editmask-type":
			{
				"drawing":true,
				"spin":
				{
					"normal-state":
					{
						"images":
						{
							"top-button":{"file":"dwo-editmask-spin-top-button-normal.png"},
							"bottom-button":{"file":"dwo-editmask-spin-bottom-button-normal.png"}
						}
					},
					"hover-state":
					{
						"images":
						{
							"top-button":{"file":"dwo-editmask-spin-top-button-hover.png"},
							"bottom-button":{"file":"dwo-editmask-spin-bottom-button-hover.png"}
						}
					}
				},
				"dropdownarrow":
				{
					"normal-state":
					{
						"arrow-image":{"file":"dropdownlistbox-arrow-normal.png"}
					},
					"hover-state":
					{
						"arrow-image":{"file":"dropdownlistbox-arrow-hover.png"}
					}
				}
			},
			"radiobuttons-type":
			{
				"drawing":true,
				"normal-state":
				{
					"radio-images":
					{
						"unchecked":{"file":"radiobutton-radio-normal-unchecked.png"},
						"checked":{"file":"radiobutton-radio-normal-checked.png"}
					}
				},
				"hover-state":
				{
					"radio-images":
					{
						"unchecked":{"file":"radiobutton-radio-hover-unchecked.png"},
						"checked":{"file":"radiobutton-radio-hover-checked.png"}
					}
				}
			}
		},
		"dwo-compute":
		{
			"drawing":true,
			"border":0,
			"border-color":"#CCCCCC",
			"background-color":"#FFFFFF",
			"text-font":{"color":"#000000"}
		},
		"dwo-graph":
		{
			"drawing":true,
			"border":0,
			"border-color":"#CCCCCC"
		},
		"dwo-groupbox":
		{
			"drawing":true,
			"border":0,
			"border-color":"#CCCCCC",
			"background-color":"#FFFFFF",
			"text-font":{"color":"#000000"}
		},
		"dwo-inkpicture":
		{
			"drawing":true,
			"border":0,
			"border-color":"#CCCCCC"
		},
		"dwo-ole":
		{
			"drawing":true,
			"border":0,
			"border-color":"#CCCCCC"
		},
		"dwo-oledatabaseblob":
		{
			"drawing":true,
			"border":0,
			"border-color":"#CCCCCC"
		},
		"dwo-picture":
		{
			"drawing":true,
			"border":0,
			"border-color":"#CCCCCC"
		},
		"dwo-tableblob":
		{
			"drawing":true,
			"border":0,
			"border-color":"#CCCCCC"
		},
		"dwo-text":
		{
			"drawing":true,
			"border":2,
			"border-color":"#CCCCCC",
			"background-color":"#FFFFFF",
			"text-font":{"color":"#000000"}
		},
		"cross-style":
		{
			"drawing":true,
			"head-band":
			{
				"background-color":"#0078D7",
				"dwo-text-font":{"color":"#FFFFFF"}
			},
			"detail-band":
			{
				"selected-row-text-color":"#000000",
				"selected-row-background-color":"#CDE8FF",
				"unselected-row-background-color":"#FFFFFF"
			},
			"grid-line":
			{
				"horizontal-line":true,
				"vertical-line":true,
				"line-color":"#E8EFF8"
			},
			"dwo-column":
			{
				"border":2,
				"border-color":"#CCCCCC",
				"background-color":"#FFFFFF",
				"text-font":{"color":"#000000"}
			},
			"dwo-text":
			{
				"border":2,
				"border-color":"#CCCCCC",
				"background-color":"#FFFFFF",
				"text-font":{"color":"#000000"}
			},
			"dwo-compute":
			{
				"border":2,
				"border-color":"#CCCCCC",
				"background-color":"#FFFFFF",
				"text-font":{"color":"#000000"}
			}
		},
		"grid-style":
		{
			"drawing":true,
			"head-band":
			{
				"background-color":"#0078D7",
				"dwo-text-font":{"color":"#FFFFFF"}
			},
			"detail-band":
			{
				"selected-row-text-color":"#000000",
				"selected-row-background-color":"#CDE8FF",
				"unselected-row-background-color":"#FFFFFF"
			},
			"grid-line":
			{
				"horizontal-line":true,
				"vertical-line":true,
				"line-color":"#E8EFF8"
			},
			"dwo-column":
			{
				"border":2,
				"border-color":"#CCCCCC",
				"background-color":"#FFFFFF",
				"text-font":{"color":"#000000"}
			},
			"dwo-text":
			{
				"border":2,
				"border-color":"#CCCCCC",
				"background-color":"#FFFFFF",
				"text-font":{"color":"#000000"}
			},
			"dwo-compute":
			{
				"border":2,
				"border-color":"#CCCCCC",
				"background-color":"#FFFFFF",
				"text-font":{"color":"#000000"}
			}
		}
	},
	"datepicker":
	{
		"drawing":true,
		"edit":
		{
			"normal-state":
			{
				"border-color":"#999999"
			},
			"hover-state":
			{
				"border-color":"#0078D7"
			},
			"focused-state":
			{
				"border-color":"#0078D7"
			},
			"disabled-state":
			{
				"border-color":"#CCCCCC"
			}
		},
		"dropdownarrow":
		{
			"normal-state":
			{
				"arrow-image":{"file":"datepicker-arrow-normal.bmp"}
			},
			"hover-state":
			{
				"arrow-image":{"file":"datepicker-arrow-hover.bmp"}
			},
			"focused-state":
			{
				"arrow-image":{"file":"datepicker-arrow-focused.bmp"}
			},
			"disabled-state":
			{
				"arrow-image":{"file":"datepicker-arrow-disabled.bmp"}
			}
		}
	},
	"dropdownlistbox":
	{
		"drawing":true,
		"normal-state":
		{
			"border-color":"#999999",
			"background-color":"#FFFFFF",
			"text-font":{"color":"#000000"},
			"arrow-image":{"file":"dropdownlistbox-arrow-normal.png"}
		},
		"hover-state":
		{
			"border-color":"#0078D7",
			"background-color":"#F0F0F0",
			"text-font":{"color":"#000000"},
			"arrow-image":{"file":"dropdownlistbox-arrow-hover.png"}
		},
		"focused-state":
		{
			"border-color":"#0078D7",
			"background-color":"#FFFFFF",
			"text-font":{"color":"#000000"},
			"arrow-image":{"file":"dropdownlistbox-arrow-focused.png"}
		},
		"disabled-state":
		{
			"border-color":"#CCCCCC",
			"background-color":"#FFFFFF",
			"text-font":{"color":"#999999"},
			"arrow-image":{"file":"dropdownlistbox-arrow-disabled.png"}
		}
	},
	"dropdownpicturelistbox":
	{
		"drawing":true,
		"normal-state":
		{
			"border-color":"#999999",
			"background-color":"#FFFFFF",
			"text-font":{"color":"#000000"},
			"arrow-image":{"file":"dropdownlistbox-arrow-normal.png"}
		},
		"hover-state":
		{
			"border-color":"#0078D7",
			"background-color":"#F0F0F0",
			"text-font":{"color":"#000000"},
			"arrow-image":{"file":"dropdownlistbox-arrow-hover.png"}
		},
		"focused-state":
		{
			"border-color":"#0078D7",
			"background-color":"#FFFFFF",
			"text-font":{"color":"#000000"},
			"arrow-image":{"file":"dropdownlistbox-arrow-focused.png"}
		},
		"disabled-state":
		{
			"border-color":"#CCCCCC",
			"background-color":"#FFFFFF",
			"text-font":{"color":"#999999"},
			"arrow-image":{"file":"dropdownlistbox-arrow-disabled.png"}
		}
	},
	"editmask":
	{
		"drawing":true,
		"edit":
		{
			"normal-state":
			{
				"border-color":"#999999",
				"background-color":"#FFFFFF",
				"text-font":{"color":"#000000"}
			},
			"hover-state":
			{
				"border-color":"#0078D7",
				"background-color":"#F0F0F0",
				"text-font":{"color":"#000000"}
			},
			"focused-state":
			{
				"border-color":"#0078D7",
				"background-color":"#FFFFFF",
				"text-font":{"color":"#000000"}
			},
			"disabled-state":
			{
				"border-color":"#CCCCCC",
				"background-color":"#FFFFFF"
			}
		},
		"spin":
		{
			"normal-state":
			{
				"images":
				{
					"top-button":{"file":"editmask-spin-top-button-normal.png"},
					"bottom-button":{"file":"editmask-spin-bottom-button-normal.png"}
				}
			},
			"hover-state":
			{
				"images": 
				{
					"top-button":{"file":"editmask-spin-top-button-hover.png"},
					"bottom-button":{"file":"editmask-spin-bottom-button-hover.png"}
				}
			},
			"pressed-state":
			{
				"images": 
				{
					"top-button":{"file":"editmask-spin-top-button-pressed.png"},
					"bottom-button":{"file":"editmask-spin-bottom-button-pressed.png"}
				}
			},
			"disabled-state":
			{
				"images": 
				{
					"top-button":{"file":"editmask-spin-top-button-disabled.png"},
					"bottom-button":{"file":"editmask-spin-bottom-button-disabled.png"}
				}
			}
		},
		"dropdownarrow":
		{
			"normal-state":
			{
				"arrow-image":{"file":"editmask-arrow-normal.png"}
			},
			"hover-state":
			{
				"arrow-image":{"file":"editmask-arrow-hover.png"}
			},
			"pressed-state":
			{
				"arrow-image":{"file":"editmask-arrow-pressed.png"}
			},
			"disabled-state":
			{
				"arrow-image":{"file":"editmask-arrow-disabled.png"}
			}
		}
	},
	"graph-colors":
	{
		"drawing":true,
		"palette":[ "#2E81E5", "#7CD83F", "#5073E6", "#E5E563", "#30B4E5", "#A06EE6", "#E58C5C", "#3DCCA1", "#8AAEE6", "#E65E5C", "#E6AE07", "#AED94A", "#8A8AE6", "#D15CE6"],
		"pie-edge":"#666666",
		"bar-edge":"#646464"
	},
	"graph-control":
	{
		"drawing":true,
		"normal-state":
		{
			"border-color":"#CCCCCC"
		},
		"disabled-state":
		{
			"border-color":"#CCCCCC"
		}
	},
	"groupbox":
	{
		"drawing":true,
		"normal-state":
		{
			"border-color":"#CCCCCC",
			"text-font":{"color":"#000000"}
		},
		"disabled-state":
		{
			"border-color":"#CCCCCC",
			"text-font":{"color":"#999999"}
		}
	},
	"inkedit":
	{
		"drawing":true,
		"normal-state":
		{
			"border-color":"#999999",
			"background-color":"#FFFFFF",
			"text-font":{"color":"#000000"}
		},
		"hover-state":
		{
			"border-color":"#0078D7",
			"background-color":"#F0F0F0",
			"text-font":{"color":"#000000"}
		},
		"focused-state":
		{
			"border-color":"#0078D7",
			"background-color":"#FFFFFF",
			"text-font":{"color":"#000000"}
		},
		"disabled-state":
		{
			"border-color":"#CCCCCC",
			"text-font":{"color":"#999999"}
		}
	},
	"inkpicture":
	{
		"drawing":true,
		"normal-state":
		{
			"border-color":"#999999"
		},
		"disabled-state":
		{
			"border-color":"#CCCCCC"
		}
	},
	"listbox":
	{
		"drawing":true,
		"normal-state":
		{
			"border-color":"#CCCCCC",
			"background-color":"#FFFFFF"
		},
		"hover-state": 
		{
			"border-color":"#CCCCCC",
			"background-color":"#FFFFFF"
		},
		"disabled-state":
		{
			"border-color":"#CCCCCC",
			"background-color":"#FFFFFF"
		},
		"item":
		{
			"normal-state":
			{
				"background-color":"#FFFFFF",
				"text-font":{"color":"#000000"}
			},
			"hover-state":
			{
				"background-color":"#E6E6E6",
				"text-font":{"color":"#000000"}
			},
			"selected-state":
			{
				"background-color":"#CDE8FF",
				"text-font":{"color":"#000000"}
			},
			"disabled-state": 
			{
				"background-color":"#FFFFFF",
				"text-font":{"color":"#999999"}
			}
		}
	},
	"listview":
	{
		"drawing":true,
		"normal-state":
		{
			"border-color":"#CCCCCC",
			"background-color":"#FFFFFF"
		},
		"hover-state": 
		{
			"border-color":"#CCCCCC",
			"background-color":"#FFFFFF"
		},
		"disabled-state":
		{
			"border-color":"#CCCCCC",
			"background-color":"#FFFFFF"
		},
		"item":
		{
			"normal-state":
			{
				"background-color":"#FFFFFF",
				"text-font":{"color":"#000000"}
			},
			"hover-state":
			{
				"background-color":"#E6E6E6",
				"text-font":{"color":"#000000"}
			},
			"selected-state":
			{
				"background-color":"#CDE8FF",
				"text-font":{"color":"#000000"}
			},
			"disabled-state": 
			{
				"background-color":"#FFFFFF",
				"text-font":{"color":"#999999"}
			}
		},
		"checkbox":
		{
			"normal-state":
			{
				"images":
				{
					"unchecked":{"file":"listview-checkbox-unchecked.ico"},
					"checked":{"file":"listview-checkbox-checked.ico"}
				}
			}
		}
	},
	"monthcalendar":
	{
		"drawing":true,
		"normal-state":
		{
			"border-color":"#F0F0F0",
			"background-color":"#FFFFFF"
		},
		"hover-state":
		{
			"border-color":"#F0F0F0",
			"background-color":"#FFFFFF"
		},
		"disabled-state":
		{
			"border-color":"#F0F0F0",
			"background-color":"#FFFFFF"
		}
	},
	"multilineedit":
	{
		"drawing":true,
		"normal-state":
		{
			"border-color":"#999999",
			"background-color":"#FFFFFF",
			"text-font":{"color":"#000000"}
		},
		"hover-state":
		{
			"border-color":"#0078D7",
			"background-color":"#F0F0F0",
			"text-font":{"color":"#000000"}
		},
		"focused-state":
		{
			"border-color":"#0078D7",
			"background-color":"#FFFFFF",
			"text-font":{"color":"#000000"}
		},
		"disabled-state":
		{
			"border-color":"#CCCCCC",
			"background-color":"#FFFFFF"
		}
	},
	"picturebutton":
	{
		"drawing":true,
		"normal-state":
		{
			"border-color":"#999999",
			"background-color":"#FFFFFF",
			"text-font":{"color":"#000000"}
		},
		"hover-state":
		{
			"border-color":"#0078D7",
			"background-color":"#E5F1FB",
			"text-font":{"color":"#000000"}
		},
		"pressed-state":
		{
			"border-color":"#0060AC",
			"background-color":"#CCE4F7",
			"text-font":{"color":"#000000"}
		},
		"focused-state":
		{
			"border-color":"#0078D7",
			"background-color":"#CCCCCC",
			"text-font":{"color":"#000000"}
		},
		"disabled-state":
		{
			"border-color":"#CCCCCC",
			"background-color":"#CCCCCC",
			"text-font":{"color":"#999999"}
		}
	},
	"picturelistbox":
	{
		"drawing":true,
		"normal-state":
		{
			"border-color":"#CCCCCC",
			"background-color":"#FFFFFF"
		},
		"hover-state": 
		{
			"border-color":"#CCCCCC",
			"background-color":"#FFFFFF"
		},
		"disabled-state":
		{
			"border-color":"#CCCCCC",
			"background-color":"#FFFFFF"
		},
		"item":
		{
			"normal-state":
			{
				"background-color":"#FFFFFF",
				"text-font":{"color":"#000000"}
			},
			"hover-state":
			{
				"background-color":"#E6E6E6",
				"text-font":{"color":"#000000"}
			},
			"selected-state":
			{
				"background-color":"#CDE8FF",
				"text-font":{"color":"#000000"}
			},
			"disabled-state": 
			{
				"background-color":"#FFFFFF",
				"text-font":{"color":"#999999"}
			}
		}
	},
	"hprogressbar":
	{
		"drawing":true,
		"normal-state":
		{
			"background-color":"#999999",
			"foreground-color":"#0078D7"
		}
	},
	"vprogressbar":
	{
		"drawing":true,
		"normal-state":
		{
			"background-color":"#999999",
			"foreground-color":"#0078D7"
		}
	},
	"radiobutton":
	{
		"drawing":true,
		"normal-state":
		{
			"text-font":{"color":"#000000"},
			"radio-images":
			{
				"unchecked":{"file":"radiobutton-radio-normal-unchecked.png"},
				"checked":{"file":"radiobutton-radio-normal-checked.png"}
			}
		},
		"hover-state":
		{
			"text-font":{"color":"#000000"},
			"radio-images":
			{
				"unchecked":{"file":"radiobutton-radio-hover-unchecked.png"},
				"checked":{"file":"radiobutton-radio-hover-checked.png"}
			}
		},
		"pressed-state":
		{
			"text-font":{"color":"#000000"},
			"radio-images":
			{
				"unchecked":{"file":"radiobutton-radio-pressed-unchecked.png"},
				"checked":{"file":"radiobutton-radio-pressed-checked.png"}
			}
		},
		"focused-state":
		{
			"text-font":{"color":"#000000"},
			"radio-images":
			{
				"unchecked":{"file":"radiobutton-radio-focused-unchecked.png"},
				"checked":{"file":"radiobutton-radio-focused-checked.png"}
			}
		},
		"disabled-state":
		{
			"text-font":{"color":"#999999"},
			"radio-images":
			{
				"unchecked":{"file":"radiobutton-radio-disabled-unchecked.png"},
				"checked":{"file":"radiobutton-radio-disabled-checked.png"}
			}
		}
	},
	"richtextedit":
	{
		"drawing":true,
		"normal-state":
		{
			"border-color":"#CCCCCC"
		},
		"hover-state":
		{
			"border-color":"#CCCCCC"
		},
		"focused-state":
		{
			"border-color":"#CCCCCC"
		},
		"disabled-state":
		{
			"border-color":"#CCCCCC"
		}
	},
	"hscrollbar":
	{
		"drawing":true,
		"groove":
		{
			"height":14,
			"normal-state":
			{
				"background-color":"#E6E6E6"
			},
			"disabled-state":
			{
				"background-color":"#E6E6E6"
			}
		},
		"thumb":
		{
			"normal-state":
			{
				"background-color":"#CCCCCC"
			},
			"hover-state":
			{
				"background-color":"#999999"
			},
			"pressed-state":
			{
				"background-color":"#666666"
			},
			"disabled-state":
			{
				"background-color":"#CCCCCC"
			}
		},
		"sizebox":
		{
			"normal-state":
			{
				"background-color":"#E6E6E6"
			},
			"disabled-state":
			{
				"background-color":"#E6E6E6"
			}
		},
		"arrow":
		{
			"normal-state":
			{
				"images":
				{
					"left-button":{"file":"hscrollbar-left-button-normal.bmp"},
					"right-button":{"file":"hscrollbar-right-button-normal.bmp"}
				}
			},
			"hover-state":
			{
				"images":
				{
					"left-button":{"file":"hscrollbar-left-button-hover.bmp"},
					"right-button":{"file":"hscrollbar-right-button-hover.bmp"}
				}
			},
			"pressed-state":
			{
				"images":
				{
					"left-button":{"file":"hscrollbar-left-button-pressed.bmp"},
					"right-button":{"file":"hscrollbar-right-button-pressed.bmp"}
				}
			},
			"disabled-state":
			{
				"images":
				{
					"left-button":{"file":"hscrollbar-left-button-disabled.bmp"},
					"right-button":{"file":"hscrollbar-right-button-disabled.bmp"}
				}
			}
		}
	},
	"vscrollbar":
	{
		"drawing":true,
		"groove":
		{
			"width":14,
			"normal-state":
			{
				"background-color":"#E6E6E6"
			},
			"disabled-state":
			{
				"background-color":"#E6E6E6"
			}
		},
		"thumb":
		{
			"normal-state":
			{
				"background-color":"#CCCCCC"
			},
			"hover-state":
			{
				"background-color":"#999999"
			},
			"pressed-state":
			{
				"background-color":"#666666"
			},
			"disabled-state":
			{
				"background-color":"#CCCCCC"
			}
		},
		"sizebox":
		{
			"normal-state":
			{
				"background-color":"#E6E6E6"
			},
			"disabled-state":
			{
				"background-color":"#E6E6E6"
			}
		},
		"arrow":
		{
			"normal-state":
			{
				"images":
				{
					"top-button":{"file":"vscrollbar-top-button-normal.bmp"},
					"bottom-button":{"file":"vscrollbar-bottom-button-normal.bmp"}
				}
			},
			"hover-state":
			{
				"images":
				{
					"top-button":{"file":"vscrollbar-top-button-hover.bmp"},
					"bottom-button":{"file":"vscrollbar-bottom-button-hover.bmp"}
				}
			},
			"pressed-state":
			{
				"images":
				{
					"top-button":{"file":"vscrollbar-top-button-pressed.bmp"},
					"bottom-button":{"file":"vscrollbar-bottom-button-pressed.bmp"}
				}
			},
			"disabled-state":
			{
				"images":
				{
					"top-button":{"file":"vscrollbar-top-button-disabled.bmp"},
					"bottom-button":{"file":"vscrollbar-bottom-button-disabled.bmp"}
				}
			}
		}
	},
	"singlelineedit":
	{
		"drawing":true,
		"normal-state":
		{
			"border-color":"#999999",
			"background-color":"#FFFFFF",
			"text-font":{"color":"#000000"}
		},
		"hover-state":
		{
			"border-color":"#0078D7",
			"background-color":"#F0F0F0",
			"text-font":{"color":"#000000"}
		},
		"focused-state":
		{
			"border-color":"#0078D7",
			"background-color":"#FFFFFF",
			"text-font":{"color":"#000000"}
		},
		"disabled-state":
		{
			"border-color":"#CCCCCC",
			"background-color":"#FFFFFF"
		}
	},
	"statichyperlink":
	{
		"drawing":true,
		"border":0,
		"background-transparent":true,
		"normal-state":
		{
			"text-font":{"color":"#0060ac"}
		},
		"disabled-state":
		{
			"text-font":{"color":"#b3d7f3"}
		}
	},
	"statictext":
	{
		"drawing":true,
		"border":0,
		"background-transparent":true,
		"normal-state":
		{
			"text-font":{"color":"#000000"}
		},
		"disabled-state":
		{
			"text-font":{"color":"#999999"}
		}
	},
	"tab":
	{
		"drawing":true,
		"background-color":"#FFFFFF",
		"navigator":
		{
			"normal-state":
			{
				"background-color":"#FFFFFF",
				"text-font":{"color":"#000000"}
			},
			"hover-state":
			{
				"background-color":"#E5F1FB",
				"text-font":{"color":"#000000"}
			},
			"focused-state":
			{
				"background-color":"#0078D7",
				"text-font":{"color":"#FFFFFF"}
			},
			"selected-state":
			{
				"background-color":"#0078D7",
				"text-font":{"color":"#FFFFFF"}
			},
			"disabled-state":
			{
				"background-color":"#FFFFFF",
				"text-font":{"color":"#999999"}
			}
		},
		"page":
		{
			"border-color":"#CCCCCC",
			"separator-width":2,
			"separator-color":"#0078D7",
			"background-color":"#FFFFFF"
		},
		"spin":
		{
			"normal-state":
			{
				"images":
				{
					"top-button":{"file":"tab-spin-top-button-normal.bmp"},
					"bottom-button":{"file":"tab-spin-bottom-button-normal.bmp"},
					"left-button":{"file":"tab-spin-left-button-normal.bmp"},
					"right-button":{"file":"tab-spin-right-button-normal.bmp"}
				}
			},
			"hover-state":
			{
				"images":
				{
					"top-button":{"file":"tab-spin-top-button-hover.bmp"},
					"bottom-button":{"file":"tab-spin-bottom-button-hover.bmp"},
					"left-button":{"file":"tab-spin-left-button-hover.bmp"},
					"right-button":{"file":"tab-spin-right-button-hover.bmp"}
				}
			},
			"pressed-state":
			{
				"images":
				{
					"top-button":{"file":"tab-spin-top-button-pressed.bmp"},
					"bottom-button":{"file":"tab-spin-bottom-button-pressed.bmp"},
					"left-button":{"file":"tab-spin-left-button-pressed.bmp"},
					"right-button":{"file":"tab-spin-right-button-pressed.bmp"}
				}
			},
			"disabled-state":
			{
				"images":
				{
					"top-button":{"file":"tab-spin-top-button-disabled.bmp"},
					"bottom-button":{"file":"tab-spin-bottom-button-disabled.bmp"},
					"left-button":{"file":"tab-spin-left-button-disabled.bmp"},
					"right-button":{"file":"tab-spin-right-button-disabled.bmp"}
				}
			}
		}
	},
	"htrackbar":
	{
		"drawing":true,
		"normal-state":
		{
			"background-color":"#FFFFFF"
		},
		"slider":
		{
			"normal-state":
			{
				"foreground-color":"#0078D7",
				"background-color":"#999999"
			}
		},
		"thumb":
		{
			"normal-state":
			{
				"images":
				{
					"top-thumb":{"file":"htrackbar-top-thumb-normal.png"},
					"bottom-thumb":{"file":"htrackbar-bottom-thumb-normal.png"},
					"both-thumb":{"file":"htrackbar-both-thumb-normal.png"}
				}
			},
			"hover-state":
			{
				"images":
				{
					"top-thumb":{"file":"htrackbar-top-thumb-hover.png"},
					"bottom-thumb":{"file":"htrackbar-bottom-thumb-hover.png"},
					"both-thumb":{"file":"htrackbar-both-thumb-hover.png"}
				}
			},
			"pressed-state":
			{
				"images":
				{
					"top-thumb":{"file":"htrackbar-top-thumb-pressed.png"},
					"bottom-thumb":{"file":"htrackbar-bottom-thumb-pressed.png"},
					"both-thumb":{"file":"htrackbar-both-thumb-pressed.png"}
				}
			}
		}
	},
	"vtrackbar":
	{
		"drawing":true,
		"normal-state":
		{
			"background-color":"#FFFFFF"
		},
		"slider":
		{
			"normal-state":
			{
				"foreground-color":"#0078D7",
				"background-color":"#999999"
			}
		},
		"thumb":
		{
			"normal-state":
			{
				"images":
				{
					"left-thumb":{"file":"vtrackbar-left-thumb-normal.png"},
					"right-thumb":{"file":"vtrackbar-right-thumb-normal.png"},
					"both-thumb":{"file":"vtrackbar-both-thumb-normal.png"}
				}
			},
			"hover-state":
			{
				"images":
				{
					"left-thumb":{"file":"vtrackbar-left-thumb-hover.png"},
					"right-thumb":{"file":"vtrackbar-right-thumb-hover.png"},
					"both-thumb":{"file":"vtrackbar-both-thumb-hover.png"}
				}
			},
			"pressed-state":
			{
				"images":
				{
					"left-thumb":{"file":"vtrackbar-left-thumb-pressed.png"},
					"right-thumb":{"file":"vtrackbar-right-thumb-pressed.png"},
					"both-thumb":{"file":"vtrackbar-both-thumb-pressed.png"}
				}
			}
		}
	},
	"treeview":
	{
		"drawing":true,
		"normal-state":
		{
			"border-color":"#CCCCCC",
			"background-color":"#FFFFFF"
		},
		"hover-state": 
		{
			"border-color":"#CCCCCC",
			"background-color":"#FFFFFF"
		},
		"disabled-state":
		{
			"border-color":"#CCCCCC",
			"background-color":"#FFFFFF"
		},
		"item":
		{
			"normal-state":
			{
				"background-color":"#FFFFFF",
				"text-font":{"color":"#000000"}
			},
			"hover-state":
			{
				"background-color":"#E6E6E6",
				"text-font":{"color":"#000000"}
			},
			"selected-state":
			{
				"background-color":"#CDE8FF",
				"text-font":{"color":"#000000"}
			},
			"disabled-state": 
			{
				"background-color":"#FFFFFF",
				"text-font":{"color":"#999999"}
			}
		},
		"checkbox":
		{
			"normal-state":
			{
				"images":
				{
					"unchecked":{"file":"treeview-checkbox-unchecked.ico"},
					"checked":{"file":"treeview-checkbox-checked.ico"}
				}
			}
		},
		"button":
		{
			"normal-state":
			{
				"images":
				{
					"unexpanded":{"file":"treeview-button-unexpanded.png"},
					"expanded":{"file":"treeview-button-expanded.png"}
				}
			}
		}
	},
	"window":
	{
		"drawing":true,
		"background-color":"#FFFFFF"
	}
}
