{
 "meta-info":
 {
  "version":"190"
 },
 "uo_app_bar_main":
	{
		"drawing":false,
		"default-style":true,
		"normal-state":
		{
			"background-color":"#E6E6E6",
			"border-color":"#B3B3B3"
		},
		"disabled-state":
		{
			"background-color":"#E6E6E6",
			"border-color":"#CCCCCC"
		}
	},
	"uo_custom_object":
	{
		"drawing":false,
		"default-style":true,
		"normal-state":
		{
			"background-color":"#E6E6E6",
			"border-color":"#B3B3B3"
		},
		"disabled-state":
		{
			"background-color":"#E6E6E6",
			"border-color":"#CCCCCC"
		}
	}
}