{
	"meta-info":
	{
		"version":"190"
	},
	"checkbox":
	{
		"drawing":true,
		"normal-state":
		{
			"text-font":{"color":"#3C465A"},
			"box-images":
			{
				"unchecked":{"file":"checkbox-box-normal-unchecked.bmp"},
				"checked":{"file":"checkbox-box-normal-checked.bmp"},
				"indeterminate":{"file":"checkbox-box-normal-indeterminate.bmp"}
			}
		},
		"hover-state":
		{
			"text-font":{"color":"#55637F"},
			"box-images":
			{
				"unchecked":{"file":"checkbox-box-hover-unchecked.bmp"},
				"checked":{"file":"checkbox-box-hover-checked.bmp"},
				"indeterminate":{"file":"checkbox-box-hover-indeterminate.bmp"}
			}
		},
		"pressed-state":
		{
			"text-font":{"color":"#3C465A"},
			"box-images":
			{
				"unchecked":{"file":"checkbox-box-pressed-unchecked.bmp"},
				"checked":{"file":"checkbox-box-pressed-checked.bmp"},
				"indeterminate":{"file":"checkbox-box-pressed-indeterminate.bmp"}
			}
		},
		"focused-state":
		{
			"text-font":{"color":"#3C465A"},
			"box-images":
			{
				"unchecked":{"file":"checkbox-box-focused-unchecked.bmp"},
				"checked":{"file":"checkbox-box-focused-checked.bmp"},
				"indeterminate":{"file":"checkbox-box-focused-indeterminate.bmp"}
			}
		},
		"disabled-state":
		{
			"text-font":{"color":"#B8C2CC"},
			"box-images":
			{
				"unchecked":{"file":"checkbox-box-disabled-unchecked.bmp"},
				"checked":{"file":"checkbox-box-disabled-checked.bmp"},
				"indeterminate":{"file":"checkbox-box-disabled-indeterminate.bmp"}
			}
		}
	},
	"commandbutton":
	{
		"drawing":true,
		"normal-state":
		{
			"border-color":"#C0CAD7",
			"background-color":"#C0CAD7",
			"text-font":{"color":"#3C465A"}
		},
		"hover-state":
		{
			"border-color":"#7E8CA5",
			"background-color":"#7E8CA5",
			"text-font":{"color":"#FFFFFF"}
		},
		"pressed-state":
		{
			"border-color":"#4E5B72",
			"background-color":"#4E5B72",
			"text-font":{"color":"#FFFFFF"}
		},
		"focused-state":
		{
			"border-color":"#64738C",
			"background-color":"#64738C",
			"text-font":{"color":"#FFFFFF"}
		},
		"default-state":
		{
			"border-color":"#64738C",
			"background-color":"#64738C",
			"text-font":{"color":"#FFFFFF"}
		},
		"disabled-state":
		{
			"border-color":"#C0CAD7",
			"background-color":"#C0CAD7",
			"text-font":{"color":"#8996A8"}
		}
	},
	"datawindow":
	{
		"drawing":true,
		"background-color":"#FFFFFF",
		"normal-state":
		{
			"border-color":"#E7EBF2"
		},
		"disabled-state":
		{
			"border-color":"#E7EBF2"
		},
		"dwo-button":
		{
			"drawing":true,
			"normal-state":
			{
				"border-color":"#C0CAD7",
				"background-color":"#C0CAD7",
				"text-font":{"color":"#3C465A"}
			},
			"hover-state":
			{
				"border-color":"#7E8CA5",
				"background-color":"#7E8CA5",
				"text-font":{"color":"#FFFFFF"}
			},
			"pressed-state":
			{
				"border-color":"#4E5B72",
				"background-color":"#4E5B72",
				"text-font":{"color":"#FFFFFF"}
			},
			"default-state":
			{
				"border-color":"#64738C",
				"background-color":"#64738C",
				"text-font":{"color":"#FFFFFF"}
			},
			"disabled-state":
			{
				"border-color":"#C0CAD7",
				"background-color":"#C0CAD7",
				"text-font":{"color":"#8996A8"}
			}
		},
		"dwo-column":
		{
			"drawing":true,
			"border":0,
			"border-color":"#E7EBF2",
			"background-color":"#FFFFFF",
			"text-font":{"color":"#3C465A"},
			"checkbox-type":
			{
				"drawing":true,
				"normal-state":
				{
					"box-images":
					{
						"unchecked":{"file":"checkbox-box-normal-unchecked.bmp"},
						"checked":{"file":"checkbox-box-normal-checked.bmp"},
						"indeterminate":{"file":"checkbox-box-normal-indeterminate.bmp"}
					}
				},
				"hover-state":
				{
					"box-images":
					{
						"unchecked":{"file":"checkbox-box-hover-unchecked.bmp"},
						"checked":{"file":"checkbox-box-hover-checked.bmp"},
						"indeterminate":{"file":"checkbox-box-hover-indeterminate.bmp"}
					}
				}
			},
			"dropdown-type":
			{
				"drawing":true,
				"selected-row-text-color":"#3C465A",
				"selected-row-background-color":"#B6BECD",
				"unselected-row-background-color":"#FFFFFF",				
				"normal-state":
				{
					"background-color":"#FFFFFF",
					"arrow-image":{"file":"dropdownlistbox-arrow-normal.png"}
				},
				"hover-state":
				{
					"background-color":"#FFFFFF",
					"arrow-image":{"file":"dropdownlistbox-arrow-hover.png"}
				}
			},
			"editmask-type":
			{
				"drawing":true,
				"spin":
				{
					"normal-state":
					{
						"images":
						{
							"top-button":{"file":"dwo-editmask-spin-top-button-normal.png"},
							"bottom-button":{"file":"dwo-editmask-spin-bottom-button-normal.png"}
						}
					},
					"hover-state":
					{
						"images":
						{
							"top-button":{"file":"dwo-editmask-spin-top-button-hover.png"},
							"bottom-button":{"file":"dwo-editmask-spin-bottom-button-hover.png"}
						}
					}
				},
				"dropdownarrow":
				{
					"normal-state":
					{
						"arrow-image":{"file":"dropdownlistbox-arrow-normal.png"}
					},
					"hover-state":
					{
						"arrow-image":{"file":"dropdownlistbox-arrow-hover.png"}
					}
				}
			},
			"radiobuttons-type":
			{
				"drawing":true,
				"normal-state":
				{
					"radio-images":
					{
						"unchecked":{"file":"radiobutton-radio-normal-unchecked.png"},
						"checked":{"file":"radiobutton-radio-normal-checked.png"}
					}
				},
				"hover-state":
				{
					"radio-images":
					{
						"unchecked":{"file":"radiobutton-radio-hover-unchecked.png"},
						"checked":{"file":"radiobutton-radio-hover-checked.png"}
					}
				}
			}
		},
		"dwo-compute":
		{
			"drawing":true,
			"border":0,
			"border-color":"#E7EBF2",
			"background-color":"#FFFFFF",
			"text-font":{"color":"#3C465A"}
		},
		"dwo-graph":
		{
			"drawing":true,
			"border":0,
			"border-color":"#E7EBF2"
		},
		"dwo-groupbox":
		{
			"drawing":true,
			"border":0,
			"border-color":"#E7EBF2",
			"background-color":"#FFFFFF",
			"text-font":{"color":"#3C465A"}
		},
		"dwo-inkpicture":
		{
			"drawing":true,
			"border":0,
			"border-color":"#E7EBF2"
		},
		"dwo-ole":
		{
			"drawing":true,
			"border":0,
			"border-color":"#E7EBF2"
		},
		"dwo-oledatabaseblob":
		{
			"drawing":true,
			"border":0,
			"border-color":"#E7EBF2"
		},
		"dwo-picture":
		{
			"drawing":true,
			"border":0,
			"border-color":"#E7EBF2"
		},
		"dwo-tableblob":
		{
			"drawing":true,
			"border":0,
			"border-color":"#E7EBF2"
		},
		"dwo-text":
		{
			"drawing":true,
			"border":2,
			"border-color":"#E7EBF2",
			"background-color":"#FFFFFF",
			"text-font":{"color":"#3C465A"}
		},
		"cross-style":
		{
			"drawing":true,
			"head-band":
			{
				"background-color":"#64738C",
				"dwo-text-font":{"color":"#FFFFFF"}
			},
			"detail-band":
			{
				"selected-row-text-color":"#3C465A",
				"selected-row-background-color":"#B6BECD",
				"unselected-row-background-color":"#FFFFFF"
			},
			"grid-line":
			{
				"horizontal-line":true,
				"vertical-line":true,
				"line-color":"#E7EBF2"
			},
			"dwo-column":
			{
				"border":2,
				"border-color":"#E7EBF2",
				"background-color":"#FFFFFF",
				"text-font":{"color":"#3C465A"}
			},
			"dwo-text":
			{
				"border":2,
				"border-color":"#E7EBF2",
				"background-color":"#FFFFFF",
				"text-font":{"color":"#3C465A"}
			},
			"dwo-compute":
			{
				"border":2,
				"border-color":"#E7EBF2",
				"background-color":"#FFFFFF",
				"text-font":{"color":"#333333"}
			}
		},
		"grid-style":
		{
			"drawing":true,
			"head-band":
			{
				"background-color":"#64738C",
				"dwo-text-font":{"color":"#FFFFFF"}
			},
			"detail-band":
			{
				"selected-row-text-color":"#3C465A",
				"selected-row-background-color":"#B6BECD",
				"unselected-row-background-color":"#FFFFFF"
			},
			"grid-line":
			{
				"horizontal-line":true,
				"vertical-line":true,
				"line-color":"#E7EBF2"
			},
			"dwo-column":
			{
				"border":2,
				"border-color":"#E7EBF2",
				"background-color":"#FFFFFF",
				"text-font":{"color":"#3C465A"}
			},
			"dwo-text":
			{
				"border":2,
				"border-color":"#E7EBF2",
				"background-color":"#FFFFFF",
				"text-font":{"color":"#3C465A"}
			},
			"dwo-compute":
			{
				"border":2,
				"border-color":"#E7EBF2",
				"background-color":"#FFFFFF",
				"text-font":{"color":"#333333"}
			}
		}
	},
	"datepicker":
	{
		"drawing":true,
		"edit":
		{
			"normal-state":
			{
				"border-color":"#E7EBF2"
			},
			"hover-state":
			{
				"border-color":"#D6DEE6"
			},
			"focused-state":
			{
				"border-color":"#D6DEE6"
			},
			"disabled-state":
			{
				"border-color":"#E7EBF2"
			}
		},
		"dropdownarrow":
		{
			"normal-state":
			{
				"arrow-image":{"file":"datepicker-arrow-normal.bmp"}
			},
			"hover-state":
			{
				"arrow-image":{"file":"datepicker-arrow-hover.bmp"}
			},
			"focused-state":
			{
				"arrow-image":{"file":"datepicker-arrow-focused.bmp"}
			},
			"disabled-state":
			{
				"arrow-image":{"file":"datepicker-arrow-disabled.bmp"}
			}
		}
	},
	"dropdownlistbox":
	{
		"drawing":true,
		"normal-state":
		{
			"border-color":"#E7EBF2",
			"background-color":"#E7EBF2",
			"text-font":{"color":"#3C465A"},
			"arrow-image":{"file":"dropdownlistbox-arrow-normal.png"}
		},
		"hover-state":
		{
			"border-color":"#C8D2E1",
			"background-color":"#C8D2E1",
			"text-font":{"color":"#3C465A"},
			"arrow-image":{"file":"dropdownlistbox-arrow-hover.png"}
		},
		"focused-state":
		{
			"border-color":"#C8D2E1",
			"background-color":"#C8D2E1",
			"text-font":{"color":"#3C465A"},
			"arrow-image":{"file":"dropdownlistbox-arrow-focused.png"}
		},
		"disabled-state":
		{
			"border-color":"#E7EBF2",
			"background-color":"#E7EBF2",
			"text-font":{"color":"#AAB4BE"},
			"arrow-image":{"file":"dropdownlistbox-arrow-disabled.png"}
		}
	},
	"dropdownpicturelistbox":
	{
		"drawing":true,
		"normal-state":
		{
			"border-color":"#E7EBF2",
			"background-color":"#E7EBF2",
			"text-font":{"color":"#3C465A"},
			"arrow-image":{"file":"dropdownlistbox-arrow-normal.png"}
		},
		"hover-state":
		{
			"border-color":"#C8D2E1",
			"background-color":"#C8D2E1",
			"text-font":{"color":"#3C465A"},
			"arrow-image":{"file":"dropdownlistbox-arrow-hover.png"}
		},
		"focused-state":
		{
			"border-color":"#C8D2E1",
			"background-color":"#C8D2E1",
			"text-font":{"color":"#3C465A"},
			"arrow-image":{"file":"dropdownlistbox-arrow-focused.png"}
		},
		"disabled-state":
		{
			"border-color":"#E7EBF2",
			"background-color":"#E7EBF2",
			"text-font":{"color":"#AAB4BE"},
			"arrow-image":{"file":"dropdownlistbox-arrow-disabled.png"}
		}
	},
	"editmask":
	{
		"drawing":true,
		"edit":
		{
			"normal-state":
			{
				"border-color":"#E7EBF2",
				"background-color":"#E7EBF2",
				"text-font":{"color":"#3C465A"}
			},
			"hover-state":
			{
				"border-color":"#C8D2E1",
				"background-color":"#C8D2E1",
				"text-font":{"color":"#3C465A"}
			},
			"focused-state":
			{
				"border-color":"#C8D2E1",
				"background-color":"#C8D2E1",
				"text-font":{"color":"#3C465A"}
			},
			"disabled-state":
			{
				"border-color":"#E7EBF2",
				"background-color":"#E7EBF2"
			}
		},
		"spin":
		{
			"normal-state":
			{
				"images":
				{
					"top-button":{"file":"editmask-spin-top-button-normal.png"},
					"bottom-button":{"file":"editmask-spin-bottom-button-normal.png"}
				}
			},
			"hover-state":
			{
				"images": 
				{
					"top-button":{"file":"editmask-spin-top-button-hover.png"},
					"bottom-button":{"file":"editmask-spin-bottom-button-hover.png"}
				}
			},
			"pressed-state":
			{
				"images": 
				{
					"top-button":{"file":"editmask-spin-top-button-pressed.png"},
					"bottom-button":{"file":"editmask-spin-bottom-button-pressed.png"}
				}
			},
			"disabled-state":
			{
				"images": 
				{
					"top-button":{"file":"editmask-spin-top-button-disabled.png"},
					"bottom-button":{"file":"editmask-spin-bottom-button-disabled.png"}
				}
			}
		},
		"dropdownarrow":
		{
			"normal-state":
			{
				"arrow-image":{"file":"editmask-arrow-normal.png"}
			},
			"hover-state":
			{
				"arrow-image":{"file":"editmask-arrow-hover.png"}
			},
			"pressed-state":
			{
				"arrow-image":{"file":"editmask-arrow-pressed.png"}
			},
			"disabled-state":
			{
				"arrow-image":{"file":"editmask-arrow-disabled.png"}
			}
		}
	},
	"graph-colors":
	{
		"drawing":true,
		"palette":[ "#5ACFA2", "#6FECBC", "#18BAC9", "#59D3DE", "#3897F6", "#57AFED", "#6C83E8", "#8B9EF4", "#7E77DB", "#918AEB", "#6BD16B", "#96EE7F", "#47C7EC", "#64DCFF"],
		"pie-edge":"#DCDCDC",
		"bar-edge":"#646464"
	},
	"graph-control":
	{
		"drawing":true,
		"normal-state":
		{
			"border-color":"#E7EBF2"
		},
		"disabled-state":
		{
			"border-color":"#E7EBF2"
		}
	},
	"groupbox":
	{
		"drawing":true,
		"normal-state":
		{
			"border-color":"#E7EBF2",
			"text-font":{"color":"#3C465A"}
		},
		"disabled-state":
		{
			"border-color":"#E7EBF2",
			"text-font":{"color":"#B8C3CD"}
		}
	},
	"inkedit":
	{
		"drawing":true,
		"normal-state":
		{
			"border-color":"#E7EBF2",
			"background-color":"#E7EBF2",
			"text-font":{"color":"#3C465A"}
		},
		"hover-state":
		{
			"border-color":"#C8D2E1",
			"background-color":"#C8D2E1",
			"text-font":{"color":"#3C465A"}
		},
		"focused-state":
		{
			"border-color":"#C8D2E1",
			"background-color":"#C8D2E1",
			"text-font":{"color":"#3C465A"}
		},
		"disabled-state":
		{
			"border-color":"#E7EBF2",
			"text-font":{"color":"#8996A8"}
		}

	},
	"inkpicture":
	{
		"drawing":true,
		"normal-state":
		{
			"border-color":"#E7EBF2"
		},
		"disabled-state":
		{
			"border-color":"#E7EBF2"
		}
	},
	"listbox":
	{
		"drawing":true,
		"normal-state":
		{
			"border-color":"#E7EBF2",
			"background-color":"#E7EBF2"
		},
		"hover-state": 
		{
			"border-color":"#E7EBF2",
			"background-color":"#E7EBF2"
		},
		"disabled-state":
		{
			"border-color":"#E7EBF2",
			"background-color":"#E7EBF2"
		},
		"item":
		{
			"normal-state":
			{
				"background-color":"#E7EBF2",
				"text-font":{"color":"#3C465A"}
			},
			"hover-state":
			{
				"background-color":"#D9DFEB",
				"text-font":{"color":"#3C465A"}
			},
			"selected-state":
			{
				"background-color":"#CCD2DF",
				"text-font":{"color":"#3C465A"}
			},
			"disabled-state": 
			{
				"background-color":"#E7EBF2",
				"text-font":{"color":"#AAB4BE"}
			}
		}
	},
	"listview":
	{
		"drawing":true,
		"normal-state":
		{
			"border-color":"#E7EBF2",
			"background-color":"#E7EBF2"
		},
		"hover-state": 
		{
			"border-color":"#E7EBF2",
			"background-color":"#E7EBF2"
		},
		"disabled-state":
		{
			"border-color":"#E7EBF2",
			"background-color":"#E7EBF2"
		},
		"item":
		{
			"normal-state":
			{
				"background-color":"#E7EBF2",
				"text-font":{"color":"#3C465A"}
			},
			"hover-state":
			{
				"background-color":"#D9DFEB",
				"text-font":{"color":"#3C465A"}
			},
			"selected-state":
			{
				"background-color":"#CCD2DF",
				"text-font":{"color":"#3C465A"}
			},
			"disabled-state": 
			{
				"background-color":"#E7EBF2",
				"text-font":{"color":"#AAB4BE"}
			}
		},
		"checkbox":
		{
			"normal-state":
			{
				"images":
				{
					"unchecked":{"file":"listview-checkbox-unchecked.ico"},
					"checked":{"file":"listview-checkbox-checked.ico"}
				}
			}
		}
	},
	"monthcalendar":
	{
		"drawing":true,
		"normal-state":
		{
			"border-color":"#E7EBF2",
			"background-color":"#FFFFFF"
		},
		"hover-state":
		{
			"border-color":"#E7EBF2",
			"background-color":"#FFFFFF"
		},
		"disabled-state":
		{
			"border-color":"#E7EBF2",
			"background-color":"#FFFFFF"
		}
	},
	"multilineedit":
	{
		"drawing":true,
		"normal-state":
		{
			"border-color":"#E7EBF2",
			"background-color":"#E7EBF2",
			"text-font":{"color":"#3C465A"}
		},
		"hover-state":
		{
			"border-color":"#C8D2E1",
			"background-color":"#C8D2E1",
			"text-font":{"color":"#3C465A"}
		},
		"focused-state":
		{
			"border-color":"#C8D2E1",
			"background-color":"#C8D2E1",
			"text-font":{"color":"#3C465A"}
		},
		"disabled-state":
		{
			"border-color":"#E7EBF2",
			"background-color":"#E7EBF2"
		}
	},
	"picturebutton":
	{
		"drawing":true,
		"normal-state":
		{
			"border-color":"#C0CAD7",
			"background-color":"#C0CAD7",
			"text-font":{"color":"#3C465A"}
		},
		"hover-state":
		{
			"border-color":"#AFB9CD",
			"background-color":"#AFB9CD",
			"text-font":{"color":"#3C465A"}
		},
		"pressed-state":
		{
			"border-color":"#A0AABE",
			"background-color":"#A0AABE",
			"text-font":{"color":"#3C465A"}
		},
		"focused-state":
		{
			"border-color":"#AFB9CD",
			"background-color":"#AFB9CD",
			"text-font":{"color":"#3C465A"}
		},
		"disabled-state":
		{
			"border-color":"#C0CAD7",
			"background-color":"#C0CAD7",
			"text-font":{"color":"#8996A8"}
		}
	},
	"picturelistbox":
	{
		"drawing":true,
		"normal-state":
		{
			"border-color":"#E7EBF2",
			"background-color":"#E7EBF2"
		},
		"hover-state": 
		{
			"border-color":"#E7EBF2",
			"background-color":"#E7EBF2"
		},
		"disabled-state":
		{
			"border-color":"#E7EBF2",
			"background-color":"#E7EBF2"
		},
		"item":
		{
			"normal-state":
			{
				"background-color":"#E7EBF2",
				"text-font":{"color":"#3C465A"}
			},
			"hover-state":
			{
				"background-color":"#D9DFEB",
				"text-font":{"color":"#3C465A"}
			},
			"selected-state":
			{
				"background-color":"#CCD2DF",
				"text-font":{"color":"#3C465A"}
			},
			"disabled-state": 
			{
				"background-color":"#E7EBF2",
				"text-font":{"color":"#AAB4BE"}
			}
		}
	},
	"hprogressbar":
	{
		"drawing":true,
		"normal-state":
		{
			"background-color":"#D1D9E6",
			"foreground-color":"#8C9BB3"
		}
	},
	"vprogressbar":
	{
		"drawing":true,
		"normal-state":
		{
			"background-color":"#D1D9E6",
			"foreground-color":"#8C9BB3"
		}
	},
	"radiobutton":
	{
		"drawing":true,
		"normal-state":
		{
			"text-font":{"color":"#3C465A"},
			"radio-images":
			{
				"unchecked":{"file":"radiobutton-radio-normal-unchecked.png"},
				"checked":{"file":"radiobutton-radio-normal-checked.png"}
			}
		},
		"hover-state":
		{
			"text-font":{"color":"#55637F"},
			"radio-images":
			{
				"unchecked":{"file":"radiobutton-radio-hover-unchecked.png"},
				"checked":{"file":"radiobutton-radio-hover-checked.png"}
			}
		},
		"pressed-state":
		{
			"text-font":{"color":"#3C465A"},
			"radio-images":
			{
				"unchecked":{"file":"radiobutton-radio-pressed-unchecked.png"},
				"checked":{"file":"radiobutton-radio-pressed-checked.png"}
			}
		},
		"focused-state":
		{
			"text-font":{"color":"#3C465A"},
			"radio-images":
			{
				"unchecked":{"file":"radiobutton-radio-focused-unchecked.png"},
				"checked":{"file":"radiobutton-radio-focused-checked.png"}
			}
		},
		"disabled-state":
		{
			"text-font":{"color":"#B8C2CC"},
			"radio-images":
			{
				"unchecked":{"file":"radiobutton-radio-disabled-unchecked.png"},
				"checked":{"file":"radiobutton-radio-disabled-checked.png"}
			}
		}
	},
	"richtextedit":
	{
		"drawing":true,
		"normal-state":
		{
			"border-color":"#E7EBF2"
		},
		"hover-state":
		{
			"border-color":"#E7EBF2"
		},
		"focused-state":
		{
			"border-color":"#E7EBF2"
		},
		"disabled-state":
		{
			"border-color":"#E7EBF2"
		}
	},
	"hscrollbar":
	{
		"drawing":true,
		"groove":
		{
			"height":14,
			"normal-state":
			{
				"background-color":"#AEB8CA"
			},
			"disabled-state":
			{
				"background-color":"#AEB8CA"
			}
		},
		"thumb":
		{
			"normal-state":
			{
				"background-color":"#76839B"
			},
			"hover-state":
			{
				"background-color":"#646E82"
			},
			"pressed-state":
			{
				"background-color":"#555F73"
			},
			"disabled-state":
			{
				"background-color":"#9CAAC2"
			}
		},
		"sizebox":
		{
			"normal-state":
			{
				"background-color":"#AEB8CA"
			},
			"disabled-state":
			{
				"background-color":"#AEB8CA"
			}
		},
		"arrow":
		{
			"normal-state":
			{
				"images":
				{
					"left-button":{"file":"hscrollbar-left-button-normal.bmp"},
					"right-button":{"file":"hscrollbar-right-button-normal.bmp"}
				}
			},
			"hover-state":
			{
				"images":
				{
					"left-button":{"file":"hscrollbar-left-button-hover.bmp"},
					"right-button":{"file":"hscrollbar-right-button-hover.bmp"}
				}
			},
			"pressed-state":
			{
				"images":
				{
					"left-button":{"file":"hscrollbar-left-button-pressed.bmp"},
					"right-button":{"file":"hscrollbar-right-button-pressed.bmp"}
				}
			},
			"disabled-state":
			{
				"images":
				{
					"left-button":{"file":"hscrollbar-left-button-disabled.bmp"},
					"right-button":{"file":"hscrollbar-right-button-disabled.bmp"}
				}
			}
		}
	},
	"vscrollbar":
	{
		"drawing":true,
		"groove":
		{
			"width":14,
			"normal-state":
			{
				"background-color":"#AEB8CA"
			},
			"disabled-state":
			{
				"background-color":"#AEB8CA"
			}
		},
		"thumb":
		{
			"normal-state":
			{
				"background-color":"#76839B"
			},
			"hover-state":
			{
				"background-color":"#646E82"
			},
			"pressed-state":
			{
				"background-color":"#555F73"
			},
			"disabled-state":
			{
				"background-color":"#9CAAC2"
			}
		},
		"sizebox":
		{
			"normal-state":
			{
				"background-color":"#AEB8CA"
			},
			"disabled-state":
			{
				"background-color":"#AEB8CA"
			}
		},
		"arrow":
		{
			"normal-state":
			{
				"images":
				{
					"top-button":{"file":"vscrollbar-top-button-normal.bmp"},
					"bottom-button":{"file":"vscrollbar-bottom-button-normal.bmp"}
				}
			},
			"hover-state":
			{
				"images":
				{
					"top-button":{"file":"vscrollbar-top-button-hover.bmp"},
					"bottom-button":{"file":"vscrollbar-bottom-button-hover.bmp"}
				}
			},
			"pressed-state":
			{
				"images":
				{
					"top-button":{"file":"vscrollbar-top-button-pressed.bmp"},
					"bottom-button":{"file":"vscrollbar-bottom-button-pressed.bmp"}
				}
			},
			"disabled-state":
			{
				"images":
				{
					"top-button":{"file":"vscrollbar-top-button-disabled.bmp"},
					"bottom-button":{"file":"vscrollbar-bottom-button-disabled.bmp"}
				}
			}
		}
	},
	"singlelineedit":
	{
		"drawing":true,
		"normal-state":
		{
			"border-color":"#E7EBF2",
			"background-color":"#E7EBF2",
			"text-font":{"color":"#3C465A"}
		},
		"hover-state":
		{
			"border-color":"#C8D2E1",
			"background-color":"#C8D2E1",
			"text-font":{"color":"#3C465A"}
		},
		"focused-state":
		{
			"border-color":"#C8D2E1",
			"background-color":"#C8D2E1",
			"text-font":{"color":"#3C465A"}
		},
		"disabled-state":
		{
			"border-color":"#E7EBF2",
			"background-color":"#E7EBF2"
		}
	},
	"statichyperlink":
	{
		"drawing":true,
		"border":0,
		"background-transparent":true,
		"normal-state":
		{
			"text-font":{"color":"#2D7DFF"}
		},
		"disabled-state":
		{
			"text-font":{"color":"#96BEFF"}
		}
	},
	"statictext":
	{
		"drawing":true,
		"border":0,
		"background-transparent":true,
		"normal-state":
		{
			"text-font":{"color":"#3C465A"}
		},
		"disabled-state":
		{
			"text-font":{"color":"#AAB4BE"}
		}
	},
	"tab":
	{
		"drawing":true,
		"background-color":"#FFFFFF",
		"navigator":
		{
			"normal-state":
			{
				"background-color":"#FFFFFF",
				"text-font":{"color":"#3C465A"}
			},
			"hover-state":
			{
				"background-color":"#E7EBF2",
				"text-font":{"color":"#3C465A"}
			},
			"focused-state":
			{
				"background-color":"#64738C",
				"text-font":{"color":"#FFFFFF"}
			},
			"selected-state":
			{
				"background-color":"#64738C",
				"text-font":{"color":"#FFFFFF"}
			},
			"disabled-state":
			{
				"background-color":"#FFFFFF",
				"text-font":{"color":"#8996A8"}
			}
		},
		"page":
		{
			"border-color":"#F4F7FC",
			"separator-width":2,
			"separator-color":"#64738C",
			"background-color":"#F4F7FC"
		},
		"spin":
		{
			"normal-state":
			{
				"images":
				{
					"top-button":{"file":"tab-spin-top-button-normal.bmp"},
					"bottom-button":{"file":"tab-spin-bottom-button-normal.bmp"},
					"left-button":{"file":"tab-spin-left-button-normal.bmp"},
					"right-button":{"file":"tab-spin-right-button-normal.bmp"}
				}
			},
			"hover-state":
			{
				"images":
				{
					"top-button":{"file":"tab-spin-top-button-hover.bmp"},
					"bottom-button":{"file":"tab-spin-bottom-button-hover.bmp"},
					"left-button":{"file":"tab-spin-left-button-hover.bmp"},
					"right-button":{"file":"tab-spin-right-button-hover.bmp"}
				}
			},
			"pressed-state":
			{
				"images":
				{
					"top-button":{"file":"tab-spin-top-button-pressed.bmp"},
					"bottom-button":{"file":"tab-spin-bottom-button-pressed.bmp"},
					"left-button":{"file":"tab-spin-left-button-pressed.bmp"},
					"right-button":{"file":"tab-spin-right-button-pressed.bmp"}
				}
			},
			"disabled-state":
			{
				"images":
				{
					"top-button":{"file":"tab-spin-top-button-disabled.bmp"},
					"bottom-button":{"file":"tab-spin-bottom-button-disabled.bmp"},
					"left-button":{"file":"tab-spin-left-button-disabled.bmp"},
					"right-button":{"file":"tab-spin-right-button-disabled.bmp"}
				}
			}
		}
	},
	"htrackbar":
	{
		"drawing":true,
		"normal-state":
		{
			"background-color":"#FFFFFF"
		},
		"slider":
		{
			"normal-state":
			{
				"foreground-color":"#8C9BB3",
				"background-color":"#D1D9E6"
			}
		},
		"thumb":
		{
			"normal-state":
			{
				"images":
				{
					"top-thumb":{"file":"htrackbar-top-thumb-normal.png"},
					"bottom-thumb":{"file":"htrackbar-bottom-thumb-normal.png"},
					"both-thumb":{"file":"htrackbar-both-thumb-normal.png"}
				}
			},
			"hover-state":
			{
				"images":
				{
					"top-thumb":{"file":"htrackbar-top-thumb-hover.png"},
					"bottom-thumb":{"file":"htrackbar-bottom-thumb-hover.png"},
					"both-thumb":{"file":"htrackbar-both-thumb-hover.png"}
				}
			},
			"pressed-state":
			{
				"images":
				{
					"top-thumb":{"file":"htrackbar-top-thumb-pressed.png"},
					"bottom-thumb":{"file":"htrackbar-bottom-thumb-pressed.png"},
					"both-thumb":{"file":"htrackbar-both-thumb-pressed.png"}
				}
			}
		}
	},
	"vtrackbar":
	{
		"drawing":true,
		"normal-state":
		{
			"background-color":"#FFFFFF"
		},
		"slider":
		{
			"normal-state":
			{
				"foreground-color":"#8C9BB3",
				"background-color":"#D1D9E6"
			}
		},
		"thumb":
		{
			"normal-state":
			{
				"images":
				{
					"left-thumb":{"file":"vtrackbar-left-thumb-normal.png"},
					"right-thumb":{"file":"vtrackbar-right-thumb-normal.png"},
					"both-thumb":{"file":"vtrackbar-both-thumb-normal.png"}
				}
			},
			"hover-state":
			{
				"images":
				{
					"left-thumb":{"file":"vtrackbar-left-thumb-hover.png"},
					"right-thumb":{"file":"vtrackbar-right-thumb-hover.png"},
					"both-thumb":{"file":"vtrackbar-both-thumb-hover.png"}
				}
			},
			"pressed-state":
			{
				"images":
				{
					"left-thumb":{"file":"vtrackbar-left-thumb-pressed.png"},
					"right-thumb":{"file":"vtrackbar-right-thumb-pressed.png"},
					"both-thumb":{"file":"vtrackbar-both-thumb-pressed.png"}
				}
			}
		}
	},
	"treeview":
	{
		"drawing":true,
		"normal-state":
		{
			"border-color":"#E7EBF2",
			"background-color":"#E7EBF2"
		},
		"hover-state": 
		{
			"border-color":"#E7EBF2",
			"background-color":"#E7EBF2"
		},
		"disabled-state":
		{
			"border-color":"#E7EBF2",
			"background-color":"#E7EBF2"
		},
		"item":
		{
			"normal-state":
			{
				"background-color":"#E7EBF2",
				"text-font":{"color":"#3C465A"}
			},
			"hover-state":
			{
				"background-color":"#D9DFEB",
				"text-font":{"color":"#3C465A"}
			},
			"selected-state":
			{
				"background-color":"#CCD2DF",
				"text-font":{"color":"#3C465A"}
			},
			"disabled-state": 
			{
				"background-color":"#E7EBF2",
				"text-font":{"color":"#AAB4BE"}
			}
		},
		"checkbox":
		{
			"normal-state":
			{
				"images":
				{
					"unchecked":{"file":"treeview-checkbox-unchecked.ico"},
					"checked":{"file":"treeview-checkbox-checked.ico"}
				}
			}
		},
		"button":
		{
			"normal-state":
			{
				"images":
				{
					"unexpanded":{"file":"treeview-button-unexpanded.png"},
					"expanded":{"file":"treeview-button-expanded.png"}
				}
			}
		}
	},
	"window":
	{
		"drawing":true,
		"background-color":"#FFFFFF"
	}
}
